<?xml version="1.0" encoding="UTF-8" standalone="yes"?>
<addon id="plugin.program.fireelecwizard-1.0.0" name="[COLOR limegreen]fireelec[/COLOR]Wizard" version="1.0.0" provider-name="fireelec">
    <requires>
        <import addon="xbmc.python" version="2.1.0" />
        <import addon="script.module.requests" />
        <import addon="script.module.six" />
        <import addon="script.kodi.android.update" optional="true" version="1.1.7" />
    </requires>
    
    <extension point="xbmc.python.pluginsource" library="default.py">
        <provides>executable</provides>
    </extension>
    
    <extension point="xbmc.service" library="startup.py" start="startup" />
    
    <extension point="xbmc.addon.metadata">
        <summary lang="en">[COLOR limegreen]fireelec[/COLOR]Wizard</summary>
        <description lang="en">[COLOR limegreen]fireelec[/COLOR]Wizard offers many maintenance features, selective add-on data saving, and automated build updates.</description>
        <platform>all</platform>
    </extension>
</addon>
