<?xml version="1.0" encoding="UTF-8" standalone="yes"?>
<addon id="repository.fireelec" name="fireelec repo" version="v.1.0.0" provider-name="fireelec">
    <extension point="xbmc.addon.repository" name="fireelec Repository">
        <dir>
            <info compressed="false">https://raw.githubusercontent.com/fireelec/fireelecrepo/BRANCH_NAME_HERE/zips/addons.xml</info>
            <checksum>https://raw.githubusercontent.com/fireelec/fireelecrepo/BRANCH_NAME_HERE/zips/addons.xml.md5</checksum>
            <datadir zip="true">https://raw.githubusercontent.com/fireelec/fireelecrepo/BRANCH_NAME_HERE/zips/</datadir>
        </dir>
    </extension>
    <extension point="xbmc.addon.metadata">
        <summary>fireelecrepo</summary>
        <description>Fire elec repo for Wizard Builds ana Addons</description>
        <disclaimer></disclaimer>
        <platform>all</platform>
        <assets>
            <icon>icon.png</icon>
            <fanart>fanart.jpg</fanart>
        </assets>
    </extension>
</addon>