<?xml version="1.0" encoding="UTF-8"?>
<addons>
<addon id="plugin.program.fireelecwizard" name="[COLOR limegreen]fireelec[/COLOR]Wizard" version="1.0.0" provider-name="fireelec">
    <requires>
        <import addon="xbmc.python" version="2.1.0" />
        <import addon="script.module.requests" />
        <import addon="script.module.six" />
        <import addon="script.kodi.android.update" optional="true" version="1.1.7" />
    </requires>

    <extension point="xbmc.python.pluginsource" library="default.py">
        <provides>executable</provides>
    </extension>

    <extension point="xbmc.service" library="startup.py" start="startup" />

    <extension point="xbmc.addon.metadata">
        <summary lang="en">[COLOR limegreen]fireelec[/COLOR]Wizard</summary>
        <description lang="en">[COLOR limegreen]fireelec[/COLOR]Wizard offers many maintenance features, selective add-on data saving, and automated build updates.</description>
        <platform>all</platform>
    </extension>
</addon>

<addon id="repository.fireelec" name="fireelec repo" version="v.1.0.0" provider-name="fireelec">
    <extension point="xbmc.addon.repository" name="fireelec Repository">
        <dir>
            <info compressed="false">https://raw.githubusercontent.com/fireelec/fireelecrepo/BRANCH_NAME_HERE/zips/addons.xml</info>
            <checksum>https://raw.githubusercontent.com/fireelec/fireelecrepo/BRANCH_NAME_HERE/zips/addons.xml.md5</checksum>
            <datadir zip="true">https://raw.githubusercontent.com/fireelec/fireelecrepo/BRANCH_NAME_HERE/zips/</datadir>
        </dir>
    </extension>
    <extension point="xbmc.addon.metadata">
        <summary>fireelecrepo</summary>
        <description>Fire elec repo for Wizard Builds ana Addons</description>
        <disclaimer></disclaimer>
        <platform>all</platform>
        <assets>
            <icon>icon.png</icon>
            <fanart>fanart.jpg</fanart>
        </assets>
    </extension>
</addon>
</addons>
